name,old_price,present_price,discount,due_discount,type_of_device,trademark,series,link
Laptop Apple MacBook Air 13 inch M1 2020 8-core CPU/8GB/256GB/7-core GPU (MGN63SA/A),19.590.000₫,19.490.000₫,empty,23:00 | 30/11,Laptop,MacBook,Air,https://www.thegioididong.com/laptop/apple-macbook-air-2020-mgn63saa
Laptop HP 15s fq5229TU i3 1215U/8GB/512GB/Win11 (8U237PA),13.690.000₫,11.190.000₫ *,-18%,23:00 | 30/11,Laptop,HP,15s,https://www.thegioididong.com/laptop/hp-15s-fq5229tu-i3-8u237pa
Laptop Asus TUF Gaming F15 FX506HF i5 11400H/8GB/512GB/4GB RTX2050/144Hz/Win11 (HN014W),19.990.000₫,16.990.000₫ *,-15%,23:00 | 30/11,Laptop,Asus,TUF,https://www.thegioididong.com/laptop/asus-tuf-gaming-f15-fx506hf-i5-hn014w
Laptop Acer Aspire 5 Gaming A515 58GM 51LB i5 13420H/16GB/512GB/4GB RTX2050/Win11 (NX.KQ4SV.002),20.490.000₫,16.990.000₫ *,-17%,23:00 | 30/11,Laptop,Acer,Aspire,https://www.thegioididong.com/laptop/acer-aspire-5-a515-58gm-51lb-i5-nxkq4sv002
Laptop Asus Vivobook Go 15 E1504FA R5 7520U/16GB/512GB/Chuột/Win11 (NJ776W),14.490.000₫,13.290.000₫ *,-8%,23:00 | 06/11,Laptop,Asus,Vivobook,https://www.thegioididong.com/laptop/asus-vivobook-go-15-e1504fa-r5-nj776w
Laptop Lenovo Ideapad 3 15ITL6 i3 1115G4/8GB/256GB/Win11 (82H803SGVN),10.490.000₫,7.990.000₫ *,-23%,23:00 | 30/11,Laptop,Lenovo,Ideapad,https://www.thegioididong.com/laptop/lenovo-ideapad-3-15itl6-i3-82h803sgvn
Laptop Asus Vivobook 15 X1504ZA i3 1215U/8GB/512GB/Win11 (NJ102W),12.290.000₫,10.990.000₫ *,-10%,hơn dự kiến,Laptop,Asus,Vivobook,https://www.thegioididong.com/laptop/asus-vivobook-15-x1504za-i3-nj102w
Laptop HP 240 G9 i3 1215U/8GB/256GB/Win11 (6L1X7PA),12.990.000₫,10.190.000₫ *,-21%,23:00 | 30/11,Laptop,HP,240,https://www.thegioididong.com/laptop/hp-240-g9-i3-6l1x7pa
Laptop Asus TUF Gaming F17 FX706HF i5 11400H/16GB/512GB/4GB RTX2050/144Hz/Win11 (HX390W),20.990.000₫,18.990.000₫ *,-9%,23:00 | 30/11,Laptop,Asus,TUF,https://www.thegioididong.com/laptop/asus-tuf-gaming-f17-fx706hf-i5-hx390w
Laptop HP 15s fq5162TU i5 1235U/8GB/512GB/Win11 (7C134PA),18.890.000₫,15.690.000₫ *,-16%,23:00 | 30/11,Laptop,HP,15s,https://www.thegioididong.com/laptop/hp-15s-fq5162tu-i5-7c134pa
Laptop Asus TUF Gaming F15 FX506HC i5 11400H/16GB/512GB/4GB RTX3050/144Hz/Win11 (HN949W),22.990.000₫,19.490.000₫ *,-15%,hơn dự kiến,Laptop,Asus,TUF,https://www.thegioididong.com/laptop/asus-tuf-gaming-f15-fx506hc-i5-hn949w
Laptop Asus Vivobook X515EA i5 1135G7/16GB/512GB/Chuột/Win11 (EJ4155W),14.990.000₫,13.990.000₫ *,-6%,23:00 | 30/11,Laptop,Asus,Vivobook,https://www.thegioididong.com/laptop/asus-vivobook-x515ea-i5-ej4155w
Laptop Acer Aspire 3 A315 58 589K i5 1135G7/8GB/256GB/Win11 (NX.AM0SV.008),13.990.000₫,11.990.000₫ *,-14%,23:00 | 30/11,Laptop,Acer,Aspire,https://www.thegioididong.com/laptop/acer-aspire-3-a315-58-589k-i5-nxam0sv008
Laptop Dell Vostro 15 3520 i3 1215U/8GB/512GB/120Hz/OfficeHS/Win11 (5M2TT1),14.790.000₫,11.990.000₫,-18%,23:00 | 30/11,Laptop,Dell,Vostro,https://www.thegioididong.com/laptop/dell-vostro-15-3520-i3-5m2tt1
Laptop HP 14 ep0126TU i3 N305/8GB/256GB/Win11 (8U233PA),11.990.000₫,10.190.000₫ *,-15%,23:00 | 30/11,Laptop,HP,14,https://www.thegioididong.com/laptop/hp-14-ep0126tu-i3-8u233pa
Laptop Asus Vivobook 16 X1605VA i5 1335U/16GB/512GB/Win11 (MB360W),18.990.000₫,15.990.000₫ *,-15%,23:00 | 06/11,Laptop,Asus,Vivobook,https://www.thegioididong.com/laptop/asus-vivobook-16-x1605va-i5-mb360w
Laptop Dell Inspiron 15 3520 i3 1215U/8GB/512GB/120Hz/OfficeHS/Win11 (71003264),14.490.000₫,11.990.000₫,-17%,23:00 | 30/11,Laptop,Dell,Inspiron,https://www.thegioididong.com/laptop/dell-inspiron-3520-i3-71003264
Laptop HP 15s fq2716TU i3 1115G4/8GB/512GB/Win11 (7C0X3PA),13.690.000₫,10.390.000₫ *,-24%,23:00 | 30/11,Laptop,HP,15s,https://www.thegioididong.com/laptop/hp-15s-fq2716tu-i3-7c0x3pa
Laptop Asus Vivobook X415EA i3 1115G4/8GB/256GB/Win11 (EK2034W),10.990.000₫,9.190.000₫ *,-16%,hơn dự kiến,Laptop,Asus,Vivobook,https://www.thegioididong.com/laptop/asus-vivobook-x415ea-i3-ek2034w
Laptop Acer Aspire 3 A315 510P 32EF i3 N305/8GB/256GB/Win11 (NX.KDHSV.001),9.990.000₫,8.990.000₫ *,-10%,23:00 | 30/11,Laptop,Acer,Aspire,https://www.thegioididong.com/laptop/acer-aspire-3-a315-510p-32ef-i3-nxkdhsv001
Laptop HP Pavilion 14 dv2074TU i5 1235U/8GB/512GB/Win11 (7C0P3PA),19.690.000₫,16.790.000₫ *,-14%,23:00 | 30/11,Laptop,HP,Pavilion,https://www.thegioididong.com/laptop/hp-pavilion-14-dv2074tu-i5-7c0p3pa
Laptop Dell Inspiron 15 3520 i5 1235U/8GB/256GB/120Hz/OfficeHS/Win11 (N5I5122W1),18.590.000₫,14.990.000₫,-19%,23:00 | 30/11,Laptop,Dell,Inspiron,https://www.thegioididong.com/laptop/dell-inspiron-15-3520-i5-n5i5122w1
Laptop Asus Vivobook 15 X1504VA i5 1335U/8GB/512GB/Win11 (NJ025W),17.990.000₫,14.990.000₫ *,-16%,23:00 | 06/11,Laptop,Asus,Vivobook,https://www.thegioididong.com/laptop/asus-vivobook-15-x1504va-i5-nj025w
Laptop Acer Aspire 3 A315 58 54XF i5 1135G7/8GB/512GB/Win11 (NX.AM0SV.007),14.990.000₫,12.990.000₫ *,-13%,23:00 | 30/11,Laptop,Acer,Aspire,https://www.thegioididong.com/laptop/acer-aspire-3-a315-58-54xf-i5-nxam0sv007
Laptop Lenovo Ideapad 3 15IAU7 i3 1215U/8GB/256GB/Win11 (82RK005LVN),13.890.000₫,9.190.000₫ *,-33%,23:00 | 30/11,Laptop,Lenovo,Ideapad,https://www.thegioididong.com/laptop/lenovo-ideapad-3-15iau7-i3-82rk005lvn
Laptop HP Pavilion 15 eg2082TU i5 1240P/8GB/512GB/Win11 (7C0Q5PA),19.790.000₫,16.890.000₫ *,-14%,23:00 | 30/11,Laptop,HP,Pavilion,https://www.thegioididong.com/laptop/hp-pavilion-15-eg2082tu-i5-7c0q5pa
Laptop Lenovo Ideapad Slim 3 15IAH8 i5 12450H/16GB/512GB/Win11 (83ER000EVN),15.490.000₫,14.990.000₫ *,empty,23:00 | 30/11,Laptop,Lenovo,Ideapad,https://www.thegioididong.com/laptop/lenovo-ideapad-slim-3-15iah8-i5-83er00evn
Laptop Asus Vivobook X515EA i3 1115G4/8GB/512GB/Win11 (EJ3948W),11.290.000₫,9.790.000₫ *,-13%,23:00 | 06/11,Laptop,Asus,Vivobook,https://www.thegioididong.com/laptop/asus-vivobook-x515ea-i3-ej3948w
Laptop Apple MacBook Air 13 inch M2 2022 8-core CPU/8GB/256GB/8-core GPU (MLXY3SA/A),27.090.000₫,26.990.000₫,empty,23:00 | 30/11,Laptop,MacBook,Air,https://www.thegioididong.com/laptop/apple-macbook-air-m2-2022
Laptop Lenovo Ideapad 3 15ITL6 i5 1155G7/8GB/512GB/Win11 (82H803RRVN),14.490.000₫,11.690.000₫ *,-19%,23:00 | 30/11,Laptop,Lenovo,Ideapad,https://www.thegioididong.com/laptop/lenovo-ideapad-3-15itl6-i5-82h803rrvn
Laptop HP 240 G8 i3 1115G4/8GB/256GB/Win11 (6L1A1PA),12.990.000₫,9.290.000₫ *,-28%,23:00 | 30/11,Laptop,HP,240,https://www.thegioididong.com/laptop/hp-240-g8-i3-6l1a1pa
Laptop Asus TUF Gaming F15 FX506HE i7 11800H/16GB/512GB/4GB RTX3050Ti/144Hz/Win11 (HN378W),22.990.000₫,20.990.000₫ *,-8%,23:00 | 30/11,Laptop,Asus,TUF,https://www.thegioididong.com/laptop/asus-tuf-gaming-f15-fx506he-i7-hn378w
Laptop HP 15s fq5147TU i7 1255U/8GB/512GB/Win11 (7C133PA),20.890.000₫,17.990.000₫ *,-13%,23:00 | 30/11,Laptop,HP,15s,https://www.thegioididong.com/laptop/hp-15s-fq5147tu-i7-7c133pa
Laptop Acer Aspire 3 A315 59 314F i3 1215U/8GB/256GB/Win11 (NX.K6TSV.002),13.490.000₫,9.490.000₫ *,-29%,23:00 | 30/11,Laptop,Acer,Aspire,https://www.thegioididong.com/laptop/acer-aspire-3-a315-59-314f-i3-nxk6tsv002
Laptop MSI Gaming GF63 Thin 12VE i5 12450H/8GB/512GB/6GB RTX4050/144Hz/Win11 (460VN),22.490.000₫,20.990.000₫ *,-6%,23:00 | 30/11,Laptop,MSI,Gaming,https://www.thegioididong.com/laptop/msi-gaming-gf63-thin-12ve-i5-460vn
Laptop Acer Aspire 3 A314 35 C3KS N5100/4GB/256GB/Win11 (NX.A7SSV.009),6.990.000₫,5.990.000₫ *,-14%,23:00 | 30/11,Laptop,Acer,Aspire,https://www.thegioididong.com/laptop/acer-aspire-3-a314-35-c3ks-n5100-nxa7ssv009
Laptop MSI Gaming GF63 Thin 11UC i7 11800H/8GB/512GB/4GB RTX3050/144Hz/Win11 (1228VN),20.490.000₫,19.590.000₫ *,empty,23:00 | 30/11,Laptop,MSI,Gaming,https://www.thegioididong.com/laptop/msi-gaming-gf63-thin-11uc-i7-1228vn
Laptop Asus Vivobook 15 OLED A1505VA i5 13500H/16GB/512GB/Chuột/Win11 (L1341W),20.990.000₫,18.490.000₫ *,-11%,23:00 | 06/11,Laptop,Asus,Vivobook,https://www.thegioididong.com/laptop/asus-vivobook-15-oled-a1505va-i5-l1341w
Laptop Acer Nitro 5 Gaming AN515 57 5669 i5 11400H/8GB/512GB/144Hz/4GB GTX1650/Win11 (NH.QEHSV.001),23.790.000₫,17.990.000₫ *,-24%,23:00 | 30/11,Laptop,Acer,Nitro,https://www.thegioididong.com/laptop/acer-nitro-5-gaming-an515-57-5669-i5-nhqehsv001
Laptop Lenovo Ideapad 5 15IAL7 i5 1235U/8GB/512GB/Win11 (82SF005HVN),19.490.000₫,13.990.000₫ *,-28%,23:00 | 30/11,Laptop,Lenovo,Ideapad,https://www.thegioididong.com/laptop/lenovo-ideapad-5-15ial7-i5-82sf005hvn
Laptop HP Pavilion 15 eg2081TU i5 1240P/16GB/512GB/Win11 (7C0Q4PA),20.990.000₫,18.790.000₫ *,-10%,23:00 | 30/11,Laptop,HP,Pavilion,https://www.thegioididong.com/laptop/hp-pavilion-15-eg2081tu-i5-7c0q4pa
Laptop MSI Gaming GF63 Thin 11SC i5 11400H/8GB/512GB/4GB GTX1650/144Hz/Win11 (664VN),16.490.000₫,15.040.000₫ *,-8%,23:00 | 30/11,Laptop,MSI,Gaming,https://www.thegioididong.com/laptop/msi-gaming-gf63-thin-11sc-i5-664vn
Laptop Dell Vostro 3520 i3 1215U/8GB/256GB/OfficeHS/Win11 (V5I3614W1),13.990.000₫,10.990.000₫,-21%,23:00 | 30/11,Laptop,Dell,Vostro,https://www.thegioididong.com/laptop/dell-vostro-3520-i3-v5i3614w1
Laptop Lenovo Ideapad 3 15ITL6 i3 1115G4/8GB/512GB/Win11 (82H803SFVN),11.290.000₫,8.990.000₫ *,-20%,23:00 | 30/11,Laptop,Lenovo,Ideapad,https://www.thegioididong.com/laptop/lenovo-ideapad-3-15itl6-i3-82h803sfvn
Laptop Acer Gaming Nitro 5 AN515 58 769J i7 12700H/8GB/512GB/4GB RTX3050/144Hz/Win11 (NH.QFHSV.003),31.790.000₫,24.490.000₫ *,-22%,23:00 | 30/11,Laptop,Acer,Gaming,https://www.thegioididong.com/laptop/acer-nitro-5-an515-58-769j-i7-nhqfhsv003
Laptop Dell Inspiron 15 3520 i5 1235U/8GB/512GB/120Hz/OfficeHS/Win11 (i5U085W11BLU),18.990.000₫,16.490.000₫,-13%,23:00 | 30/11,Laptop,Dell,Inspiron,https://www.thegioididong.com/laptop/dell-inspiron-15-3520-i5u085w11blu
Laptop HP 240 G9 i5 1235U/8GB/512GB/Win11 (6L1Y2PA),18.590.000₫,15.790.000₫ *,-15%,23:00 | 30/11,Laptop,HP,240,https://www.thegioididong.com/laptop/hp-240-g9-i5-6l1y2pa
Laptop HP 240 G9 i5 1235U/8GB/256GB/Win11 (6L1Y1PA),17.590.000₫,14.290.000₫ *,-18%,23:00 | 30/11,Laptop,HP,240,https://www.thegioididong.com/laptop/hp-240-g9-i5-6l1y1pa
Laptop Lenovo Ideapad 1 15ALC7 R7 5700U/16GB/512GB/Win11 (82R400C1VN),13.990.000₫,12.990.000₫ *,-7%,23:00 | 30/11,Laptop,Lenovo,Ideapad,https://www.thegioididong.com/laptop/lenovo-ideapad-1-15alc7-r7-82r400c1vn
Laptop Dell Inspiron 15 3520 i3 1215U/8GB/256GB/OfficeHS/Win11 (i3U082W11BLU),13.690.000₫,10.990.000₫,-19%,23:00 | 30/11,Laptop,Dell,Inspiron,https://www.thegioididong.com/laptop/dell-inspiron-15-3520-i3-i3u082w11blu
Laptop Asus Gaming TUF Dash F15 FX517ZE i5 12450H/8GB/512GB/4GB RTX3050Ti/144Hz/Win11 (HN045W),24.990.000₫,20.490.000₫ *,-18%,23:00 | 30/11,Laptop,Asus,Gaming,https://www.thegioididong.com/laptop/asus-tuf-gaming-fx517ze-i5-hn045w
Laptop Asus Gaming ROG Strix G15 G513IH R7 4800H/8GB/512GB/4GB GTX1650/144Hz/Win11 (HN015W),22.990.000₫,17.990.000₫ *,-21%,23:00 | 30/11,Laptop,Asus,Gaming,https://www.thegioididong.com/laptop/asus-rog-strix-gaming-g513ih-r7-hn015w
Laptop Asus Vivobook 14X OLED A1405ZA i5 12500H/8GB/512GB/Win11 (KM146W),19.490.000₫,16.990.000₫ *,-12%,23:00 | 30/11,Laptop,Asus,Vivobook,https://www.thegioididong.com/laptop/asus-vivobook-14x-oled-a1405za-i5-km146w
Laptop Acer Aspire Vero AV15 51 58HB i5 1155G7/8GB/512GB/Win11 (NX.AYCSV.002),17.990.000₫,12.990.000₫ *,-27%,23:00 | 30/11,Laptop,Acer,Aspire,https://www.thegioididong.com/laptop/acer-aspire-vero-av15-51-58hb-i5-nxaycsv002
Laptop Acer Nitro 5 Tiger AN515 58 52SP i5 12500H/8GB/512GB/4GB RTX3050/144Hz/Win11 (NH.QFHSV.001),27.990.000₫,22.990.000₫ *,-17%,23:00 | 30/11,Laptop,Acer,Nitro,https://www.thegioididong.com/laptop/acer-nitro-5-tiger-an515-58-52sp-i5-nhqfhsv001
Laptop Asus Vivobook 15 OLED A1505VA i9 13900H/16GB/512GB/Win11 (L1201W),24.990.000₫,22.990.000₫ *,-8%,23:00 | 30/11,Laptop,Asus,Vivobook,https://www.thegioididong.com/laptop/asus-vivobook-15-oled-a1505va-i9-l1201w
Laptop Acer Gaming Nitro 5 AN515 57 53F9 i5 11400H/8GB/512GB/4GB RTX3050/144Hz/Win11 (NH.QENSV.008),24.990.000₫,19.990.000₫ *,-20%,23:00 | 30/11,Laptop,Acer,Gaming,https://www.thegioididong.com/laptop/acer-gaming-nitro-5-an515-57-53f9-i5-nhqensv008
Laptop Dell Inspiron 15 3530 i5 1335U/16GB/512GB/120Hz/OfficeHS/Win11 (N5I5791W1),19.990.000₫,19.490.000₫,empty,23:00 | 30/11,Laptop,Dell,Inspiron,https://www.thegioididong.com/laptop/dell-inspiron-15-3530-i5-n5i5791w1
Laptop Asus Vivobook S 14 Flip TP3402VA i3 1315U/8GB/256GB/Touch/Win11 (LZ025W),16.990.000₫,13.990.000₫ *,-17%,23:00 | 30/11,Laptop,Asus,Vivobook,https://www.thegioididong.com/laptop/asus-vivobook-s-14-flip-tp3402va-i3-lz025w
Laptop Acer TravelMate P4 TMP414 51 50HX i5 1135G7/8GB/512GB/Win11 (NX.VP2SV.00T),22.490.000₫,13.990.000₫ *,-37%,23:00 | 30/11,Laptop,Acer,TravelMate,https://www.thegioididong.com/laptop/acer-travelmate-p4-tmp414-51-50hx-i5-nxvp2sv00t
Laptop Asus Vivobook Go 15 E1504FA R5 7520U/8GB/512GB/Win11 (NJ630W),13.990.000₫,12.490.000₫ *,-10%,23:00 | 30/11,Laptop,Asus,Vivobook,https://www.thegioididong.com/laptop/asus-vivobook-go-15-e1504fa-r5-nj630w
Laptop HP 245 G9 R5 5625U/8GB/512GB/Win11 (6L1N9PA),13.990.000₫,11.790.000₫ *,-15%,23:00 | 30/11,Laptop,HP,245,https://www.thegioididong.com/laptop/hp-245-g9-r5-6l1n9pa
Laptop Asus Vivobook 14X OLED K3405VC i5 13500H/16GB/512GB/4GB RTX3050/Win11 (KM006W),29.490.000₫,24.990.000₫ *,-15%,23:00 | 30/11,Laptop,Asus,Vivobook,https://www.thegioididong.com/laptop/asus-vivobook-14x-oled-k3405vc-i5-km006w
Laptop Asus Vivobook 14 X1404VA i5 1335U/8GB/512GB/Win11 (NK123W),17.990.000₫,15.490.000₫ *,-13%,23:00 | 30/11,Laptop,Asus,Vivobook,https://www.thegioididong.com/laptop/asus-vivobook-14-x1404va-i5-nk123w
Laptop HP Envy X360 13 bf0112TU i5 1230U/16GB/512GB/Touch/Pen/Win11 (7C0N9PA),29.590.000₫,23.890.000₫ *,-19%,23:00 | 30/11,Laptop,HP,Envy,https://www.thegioididong.com/laptop/hp-envy-x360-13-bf0112tu-i5-7c0n9pa
Laptop Acer Aspire 7 Gaming A715 76G 5806 i5 12450H/16GB/512GB/4GB RTX3050/144Hz/Win11 (NH.QMFSV.002),22.990.000₫,20.990.000₫ *,-8%,23:00 | 30/11,Laptop,Acer,Aspire,https://www.thegioididong.com/laptop/acer-aspire-7-gaming-a715-76g-5806-i5-nhqmfsv002
Laptop HP 240 G10 i5 1335U/16GB/512GB/Win11 (8F136PA),19.590.000₫,18.790.000₫ *,empty,23:00 | 30/11,Laptop,HP,240,https://www.thegioididong.com/laptop/hp-240-g10-i5-8f136pa
Laptop HP 240 G10 i5 1335U/8GB/512GB/Win11 (8F134PA),18.790.000₫,17.590.000₫ *,-6%,23:00 | 30/11,Laptop,HP,240,https://www.thegioididong.com/laptop/hp-240-g10-i5-8f134pa
Laptop Dell Vostro 3420 i5 1235U/8GB/512GB/OfficeHS/Win11 (71003348),17.590.000₫,16.490.000₫,-6%,23:00 | 30/11,Laptop,Dell,Vostro,https://www.thegioididong.com/laptop/dell-vostro-3420-i5-71003348
Laptop Acer Swift 3 SF314 512 56QN i5 1240P/16GB/512GB/Win11 (NX.K0FSV.002),23.990.000₫,18.490.000₫ *,-22%,23:00 | 30/11,Laptop,Acer,Swift,https://www.thegioididong.com/laptop/acer-swift-3-sf314-512-56qn-i5-nxk0fsv002
Laptop HP EliteBook 630 G9 i7 1255U/16GB/512GB/Win11 (6M146PA),27.790.000₫,23.890.000₫ *,-14%,23:00 | 30/11,Laptop,HP,EliteBook,https://www.thegioididong.com/laptop/hp-elitebook-630-g9-i7-6m146pa
Laptop HP Elitebook 630 G9 i5 1235U/16GB/512GB/Win11 (7K9H3PA),23.390.000₫,20.390.000₫ *,-12%,23:00 | 30/11,Laptop,HP,Elitebook,https://www.thegioididong.com/laptop/hp-elitebook-630-g9-i5-7k9h3pa
Laptop Acer TravelMate P4 TMP414 51 73F4 i7 1165G7/16GB/1TB/Win11 (NX.VP2SV.00W),29.790.000₫,17.990.000₫ *,-39%,23:00 | 30/11,Laptop,Acer,TravelMate,https://www.thegioididong.com/laptop/acer-travelmate-p4-tmp414-51-73f4-i7-nxvp2sv00w
Laptop HP Elitebook 630 G10 i7 1355U/16GB/512GB/Win11 (873F2PA),27.790.000₫,25.990.000₫ *,-6%,23:00 | 30/11,Laptop,HP,Elitebook,https://www.thegioididong.com/laptop/hp-elitebook-630-g10-i7-873f2pa
Laptop Asus Zenbook 14 OLED UX3402ZA i5 1240P/8GB/512GB/90Hz/Cáp/Túi/Win11 (KM220W),25.490.000₫,20.290.000₫ *,-20%,23:00 | 30/11,Laptop,Asus,Zenbook,https://www.thegioididong.com/laptop/asus-zenbook-14-oled-ux3402za-i5-km218w
Laptop Lenovo Ideapad 5 Pro 14IAP7 i5 1240P/16GB/512GB/Win11 (82SH000SVN),24.990.000₫,19.990.000₫ *,-20%,23:00 | 30/11,Laptop,Lenovo,Ideapad,https://www.thegioididong.com/laptop/lenovo-ideapad-5-pro-14iap7-i5-82sh000svn
Laptop MacBook Air 15 inch M2 2023 8CPU/16GB/256GB/10GPU (Z18R),37.990.000₫,36.490.000₫,empty,23:00 | 30/11,Laptop,MacBook,Air,https://www.thegioididong.com/laptop/apple-macbook-air-m2-2023-16gb
Laptop HP Gaming VICTUS 16 r0128TX i5 13450HX/16GB/512GB/144Hz/6GB RTX4050/Win11 (8C5N3PA),31.690.000₫,29.490.000₫ *,-6%,23:00 | 30/11,Laptop,HP,Gaming,https://www.thegioididong.com/laptop/hp-gaming-victus-16-r0128tx-i5-8c5n3pa
Laptop Asus Zenbook 14 Flip OLED UP3404VA i7 1360P/16GB/512GB/Touch/Pen/Cáp/Túi/Win11 (KN039W),33.990.000₫,30.990.000₫ *,-8%,23:00 | 30/11,Laptop,Asus,Zenbook,https://www.thegioididong.com/laptop/asus-zenbook-14-flip-oled-up3404va-i7-kn039w
Laptop Asus Gaming ROG Strix G17 G713RW R9 6900HX/32GB/1TB/8GB RTX3070Ti/240Hz/Balo/Win11 (LL178W),57.990.000₫,41.990.000₫ *,-27%,23:00 | 30/11,Laptop,Asus,Gaming,https://www.thegioididong.com/laptop/asus-gaming-rog-strix-g17-g713r-r9-ll178w
Laptop HP Gaming VICTUS 16 r0130TX i5 13500H/16GB/512GB/144Hz/6GB RTX3050/Win11 (8C5N5PA),29.690.000₫,27.490.000₫ *,-7%,23:00 | 30/11,Laptop,HP,Gaming,https://www.thegioididong.com/laptop/hp-gaming-victus-16-r0130tx-i5-8c5n5pa
Laptop Apple MacBook Pro 16 inch M2 Pro 2023 12-core CPU/16GB/512GB/19-core GPU (MNW83SA/A),59.690.000₫,58.990.000₫,empty,23:00 | 30/11,Laptop,MacBook,Pro,https://www.thegioididong.com/laptop/macbook-pro-16-inch-m2-pro
Laptop MacBook Pro 16 inch M2 Pro 2023 12-core CPU/16GB/1TB/19-core GPU (MNWD3SA/A),65.990.000₫,64.490.000₫,empty,23:00 | 30/11,Laptop,MacBook,Pro,https://www.thegioididong.com/laptop/macbook-pro-16-inch-m2-pro-1tb
Laptop Apple MacBook Pro 13 inch M2 2022 8-core CPU/16GB/512GB/10-core GPU (Z16U),40.190.000₫,39.890.000₫,empty,23:00 | 30/11,Laptop,MacBook,Pro,https://www.thegioididong.com/laptop/apple-macbook-pro-m2-2022-16gb
Laptop Asus TUF Gaming F15 FX507ZU4 i7 12700H/8GB/512GB/6GB RTX4050/144Hz/Win11 (LP520W),31.990.000₫,27.990.000₫ *,-12%,23:00 | 30/11,Laptop,Asus,TUF,https://www.thegioididong.com/laptop/asus-tuf-gaming-f15-fx507zu4-i7-lp520w
Laptop Asus TUF Gaming F15 FX507VV4 i9 13900H/16GB/512GB/8GB RTX4060/144Hz/Win11 (LP382W),40.990.000₫,36.990.000₫ *,-9%,23:00 | 30/11,Laptop,Asus,TUF,https://www.thegioididong.com/laptop/asus-tuf-gaming-f15-fx507vv4-i9-lp382w
Laptop Asus Gaming ROG Strix SCAR 17 G733PZ R9 7945HX/32GB/1TB/12GB RTX4080/240Hz/Balo/Chuột/Win11 (LL980W),90.000.000₫,76.990.000₫ *,-14%,23:00 | 30/11,Laptop,Asus,Gaming,https://www.thegioididong.com/laptop/asus-gaming-rog-strix-scar-17-g733pz-r9-ll980w
Laptop Apple MacBook Air 13 inch M2 2022 8-core CPU/16GB/512GB/10-core GPU (Z15Z0003L),39.190.000₫,37.690.000₫,empty,23:00 | 30/11,Laptop,MacBook,Air,https://www.thegioididong.com/laptop/apple-macbook-air-m2-2022-16gb
Laptop Asus Gaming ROG Strix G16 G614JU i7 13650HX/16GB/512GB/6GB RTX4050/165Hz/Win11 (N3777W),43.990.000₫,38.990.000₫ *,-11%,23:00 | 30/11,Laptop,Asus,Gaming,https://www.thegioididong.com/laptop/asus-gaming-rog-strix-g16-g614ju-i7-n3777w
Laptop Asus Vivobook Pro 15 OLED K6502VU i5 13500H/16GB/512GB/6GB RTX4050/Win11 (MA089W),36.990.000₫,33.590.000₫ *,-9%,23:00 | 30/11,Laptop,Asus,Vivobook,https://www.thegioididong.com/laptop/asus-vivobook-pro-15-oled-k6502vu-i5-ma089w
Laptop Asus Gaming ROG Strix SCAR 18 G834JY i9 13980HX/64GB/2TB/16GB RTX4090/240Hz/Balo/Chuột/Win11(N6039W),125.000.000₫,111.990.000₫ *,-10%,23:00 | 30/11,Laptop,Asus,Gaming,https://www.thegioididong.com/laptop/asus-gaming-rog-strix-scar-18-g834jy-i9-n6039w
Laptop Asus Gaming ROG Zephyrus Duo 16 GX650PZ R9 7945HX/32GB/1TB/12GB RTX4080/240Hz/Balo/Chuột/Win11 (NM031W),125.000.000₫,108.990.000₫ *,-12%,23:00 | 30/11,Laptop,Asus,Gaming,https://www.thegioididong.com/laptop/asus-rog-zephyrus-duo-16-gx650pz-r9-nm031w
Laptop Asus Gaming ROG Strix SCAR 16 G634JZ i9 13980HX/32GB/1TB/12GB RTX4080/240Hz/Balo/Chuột/Win11(N4029W),95.000.000₫,84.990.000₫ *,-10%,23:00 | 30/11,Laptop,Asus,Gaming,https://www.thegioididong.com/laptop/asus-gaming-rog-strix-scar-16-g634j-i9-n4029w
Laptop Asus Gaming ROG Zephyrus M16 GU604VI i9 13900H/32GB/1TB/8GB RTX4070/240Hz/Balo/Win11 (NM779W),80.990.000₫,72.990.000₫ *,-9%,23:00 | 30/11,Laptop,Asus,Gaming,https://www.thegioididong.com/laptop/asus-gaming-rog-zephyrus-m16-gu604vi-i9-nm779w
Laptop Dell XPS 15 9530 i7 13700H/16GB/512GB/6GB RTX4050/Touch/Cáp/OfficeHS/Win11 (71015716),74.490.000₫,69.990.000₫,-6%,23:00 | 30/11,Laptop,Dell,XPS,https://www.thegioididong.com/laptop/dell-xps-15-9530-i7-71015716
Laptop Asus Gaming ROG Strix G18 G814JI i9 13980HX/32GB/1TB/8GB RTX4070/240Hz/Balo/Win11 (N6063W),70.990.000₫,63.990.000₫ *,-9%,23:00 | 30/11,Laptop,Asus,Gaming,https://www.thegioididong.com/laptop/asus-gaming-rog-strix-g18-g814ji-i9-n6063w
Laptop Dell Inspiron 15 3530 i5 1335U/8GB/512GB/120Hz/OfficeHS/Win11 (N3530-i5U085W11BLU),19.990.000₫,17.990.000₫,-10%,23:00 | 06/11,Laptop,Dell,Inspiron,https://www.thegioididong.com/laptop/dell-inspiron-3530-i5-1335u-i5u085w11blu
Laptop Dell Vostro 15 3520 i5 1235U/8GB/512GB/120Hz/OfficeHS/Win11 (5M2TT2),19.490.000₫,16.790.000₫,-13%,23:00 | 06/11,Laptop,Dell,Vostro,https://www.thegioididong.com/laptop/dell-vostro-15-3520-i5-5m2tt2
Laptop Lenovo Ideapad Slim 3 15IAH8 i5 12450H/16GB/1TB/Win11 (83ER000FVN),16.490.000₫,15.990.000₫ *,empty,23:00 | 06/11,Laptop,Lenovo,Ideapad,https://www.thegioididong.com/laptop/lenovo-ideapad-slim-3-15iah8-i5-83er000fvn
Laptop HP 245 G10 R5 7520U/8GB/512GB/Win11 (8F155PA),14.190.000₫,12.490.000₫ *,-11%,23:00 | 06/11,Laptop,HP,245,https://www.thegioididong.com/laptop/hp-245-g10-r5-8f155pa
Laptop Acer Aspire 3 A315 57 379K i3 1005G1/4GB/256GB/Win11 (NX.KAGSV.001),8.490.000₫,7.990.000₫ *,-5%,23:00 | 06/11,Laptop,Acer,Aspire,https://www.thegioididong.com/laptop/acer-aspire-3-a315-57-379k-i3-nxkagsv001
Laptop Lenovo Legion 5 15IAH7 i5 12500H/8GB/512GB/4GB RTX3050Ti/165Hz/Win11 (82RC003WVN),35.490.000₫,31.590.000₫ *,-10%,23:00 | 06/11,Laptop,Lenovo,Legion,https://www.thegioididong.com/laptop/lenovo-legion-5-15iah7-i5-82rc003wvn
Laptop HP Pavilion X360 14 ek1049TU i5 1335U/16GB/512GB/Touch/Pen/Win11 (80R27PA),24.290.000₫,22.690.000₫ *,-6%,23:00 | 06/11,Laptop,HP,Pavilion,https://www.thegioididong.com/laptop/hp-pavilion-x360-14-ek1049tu-i5-80r27pa
Laptop Dell Vostro 3430 i5 1335U/8GB/512GB/OfficeHS/Win11 (71011900),18.490.000₫,17.990.000₫,empty,23:00 | 06/11,Laptop,Dell,Vostro,https://www.thegioididong.com/laptop/dell-vostro-3430-i5-71011900
Laptop Acer Aspire 7 Gaming A715 43G R8GA R5 5625U/8GB/512GB/4GB RTX3050/144Hz/Win11 (NH.QHDSV.002),21.990.000₫,17.490.000₫ *,-20%,23:00 | 06/11,Laptop,Acer,Aspire,https://www.thegioididong.com/laptop/acer-aspire-7-gaming-a715-43g-r8ga-r5-nhqhdsv002
Laptop Lenovo IdeaPad 1 15AMN7 R5 7520U/8GB/256GB/Win11 (82VG0061VN),12.690.000₫,9.490.000₫ *,-25%,hơn dự kiến,Laptop,Lenovo,IdeaPad,https://www.thegioididong.com/laptop/lenovo-ideapad-1-15amn7-r5-82vg0061vn
Laptop Asus VivoBook X515MA N4020/4GB/256GB/Win11 (BR480W),7.890.000₫,6.490.000₫,-17%,23:00 | 06/11,Laptop,Asus,VivoBook,https://www.thegioididong.com/laptop/asus-vivobook-x515ma-n4020-br480w
Laptop Dell Inspiron 16 5620 i5 1235U/8GB/256GB/OfficeHS/Win11 (P1WKN),19.790.000₫,16.990.000₫,-14%,23:00 | 06/11,Laptop,Dell,Inspiron,https://www.thegioididong.com/laptop/dell-inspiron-16-5620-i5-p1wkn
Laptop Asus Vivobook 15 OLED A1505ZA i5 12500H/16GB/512GB/Win11 (L1337W),19.990.000₫,16.990.000₫ *,-15%,23:00 | 06/11,Laptop,Asus,Vivobook,https://www.thegioididong.com/laptop/asus-vivobook-15-oled-a1505za-i5-l1337w
Laptop Lenovo IdeaPad Slim 5 Light 14ABR8 R5 7530U/16GB/512GB/Win11 (82XS002KVN),17.990.000₫,14.990.000₫ *,-16%,23:00 | 06/11,Laptop,Lenovo,IdeaPad,https://www.thegioididong.com/laptop/lenovo-ideapad-slim-5-light-14abr8-r5-82xs002kvn
Laptop Acer Aspire 5 A514 54 5127 i5 1135G7/8GB/512GB/Win11 (NX.A28SV.007),15.490.000₫,14.190.000₫ *,-8%,23:00 | 06/11,Laptop,Acer,Aspire,https://www.thegioididong.com/laptop/acer-aspire-a514-54-5127-i5-nxa28sv007
Laptop Lenovo Ideapad 3 15IAU7 i3 1215U/8GB/512GB/Win11 (82RK001MVN),14.690.000₫,9.690.000₫ *,-34%,23:00 | 06/11,Laptop,Lenovo,Ideapad,https://www.thegioididong.com/laptop/lenovo-ideapad-3-15iau7-i3-82rk001mvn
Laptop Apple MacBook Pro 13 inch M2 2022 8-core CPU/8GB/256GB/10-core GPU (MNEH3SA/A),30.490.000₫,29.890.000₫,empty,23:00 | 06/11,Laptop,MacBook,Pro,https://www.thegioididong.com/laptop/apple-macbook-pro-13-inch-m2-2022
Laptop Dell Inspiron 16 5620 i7 1255U/8GB/512GB/OfficeHS/Win11 (N6I7110W1),25.190.000₫,22.990.000₫,-8%,23:00 | 06/11,Laptop,Dell,Inspiron,https://www.thegioididong.com/laptop/dell-inspiron-16-5620-i7-n6i7110w1
Laptop Asus Vivobook 15 X1504VA i7 1355U/16GB/512GB/Win11 (NJ023W),22.990.000₫,19.490.000₫ *,-15%,23:00 | 06/11,Laptop,Asus,Vivobook,https://www.thegioididong.com/laptop/asus-vivobook-15-x1504va-nj023w
Laptop Lenovo Ideapad Gaming 3 15ACH6 R5 5500H/16GB/512GB/4GB RTX2050/144Hz/Win11 (82K2027PVN),18.990.000₫,16.990.000₫ *,-10%,hơn dự kiến,Laptop,Lenovo,Ideapad,https://www.thegioididong.com/laptop/lenovo-ideapad-gaming-3-15ach6-r5-82k2027pvn
Laptop Lenovo Ideapad 5 14IAL7 i5 1235U/8GB/512GB/Win11 (82SD0060VN),18.990.000₫,13.990.000₫ *,-26%,23:00 | 06/11,Laptop,Lenovo,Ideapad,https://www.thegioididong.com/laptop/lenovo-ideapad-5-14ial7-i5-82sd0060vn
Laptop Acer Aspire 3 A315 59 5283 i5 1235U/8GB/512GB/Win11 (NX.K6TSV.00B),15.990.000₫,13.490.000₫ *,-15%,23:00 | 06/11,Laptop,Acer,Aspire,https://www.thegioididong.com/laptop/acer-aspire-3-a315-59-5283-i5-nxk6tsv00b
Laptop Acer Aspire 3 A314 35 P3G9 N6000/4GB/256GB/Win11 (NX.A7SSV.007),7.990.000₫,6.990.000₫ *,-12%,23:00 | 06/11,Laptop,Acer,Aspire,https://www.thegioididong.com/laptop/acer-aspire-3-a314-35-p3g9-n6000-nxa7ssv007
Laptop Asus Vivobook 15 OLED A1505VA i7 13700H/16GB/512GB/Win11 (L1338W),24.490.000₫,21.490.000₫ *,-12%,23:00 | 06/11,Laptop,Asus,Vivobook,https://www.thegioididong.com/laptop/asus-vivobook-15-oled-a1505va-i7-l1338w
Laptop HP Pavilion X360 14 ek1048TU i5 1335U/8GB/512GB/Touch/Pen/Win11 (80R26PA),22.890.000₫,21.290.000₫ *,-6%,23:00 | 06/11,Laptop,HP,Pavilion,https://www.thegioididong.com/laptop/hp-pavilion-x360-14-ek1048tu-i5-80r26pa
Laptop Dell Inspiron 15 3520 i7 1255U/8GB/512GB/120Hz/OfficeHS/Win11 (71003262),20.990.000₫,19.690.000₫,-6%,23:00 | 06/11,Laptop,Dell,Inspiron,https://www.thegioididong.com/laptop/dell-inspiron-15-3520-i7-71003262
Laptop HP Gaming VICTUS 16 e1106AX R5 6600H/8GB/512GB/4GB RTX3050Ti/144Hz/Win11 (7C0T1PA),26.490.000₫,18.690.000₫ *,-29%,23:00 | 06/11,Laptop,HP,Gaming,https://www.thegioididong.com/laptop/hp-victus-16-e1106ax-r5-7c0t1pa
Laptop Dell Vostro 5620 i5 1240P/8GB/256GB/OfficeHS/Win11 (V6I5001W1),20.190.000₫,17.490.000₫,-13%,23:00 | 06/11,Laptop,Dell,Vostro,https://www.thegioididong.com/laptop/dell-vostro-5620-i5-v6i5001w1
Laptop Asus Vivobook 15 OLED A1505VA i5 13500H/8GB/512GB/Win11 (L1052W),20.490.000₫,16.990.000₫ *,-17%,23:00 | 06/11,Laptop,Asus,Vivobook,https://www.thegioididong.com/laptop/asus-vivobook-15-oled-a1505va-i5-l1052w
Laptop Acer TravelMate P4 TMP414 51G 59R6 i5 1135G7/16GB/512GB/2GB MX350/Win11 (NX.VP9SV.001),25.990.000₫,14.990.000₫ *,-42%,23:00 | 06/11,Laptop,Acer,TravelMate,https://www.thegioididong.com/laptop/acer-travelmate-p4-tmp414-51g-59r6-i5-nxvp9sv001
Laptop HP Pavilion 15 eg2086TU i3 1215U/8GB/256GB/Win11 (7C0Q8PA),15.290.000₫,12.990.000₫ *,-15%,23:00 | 06/11,Laptop,HP,Pavilion,https://www.thegioididong.com/laptop/hp-pavilion-15-eg2086tu-i3-7c0q8pa
Laptop Acer Aspire 3 A315 59 38PG i3 1215U/8GB/512GB/Win11 (NX.K6TSV.00A),13.990.000₫,10.690.000₫ *,-23%,23:00 | 06/11,Laptop,Acer,Aspire,https://www.thegioididong.com/laptop/acer-aspire-3-a315-59-38pg-i3-nxk6tsv00a
Laptop Lenovo V14 G3 ABA R5 5625U/8GB/512GB/Win11 (82TU006SVN),13.190.000₫,9.990.000₫ *,-24%,23:00 | 06/11,Laptop,Lenovo,V14,https://www.thegioididong.com/laptop/lenovo-v14-g3-aba-r5-82tu006svn
Laptop Acer Aspire 3 A315 58 35AG i3 1115G4/4GB/256GB/Win11 (NX.ADDSV.00B),11.290.000₫,8.990.000₫ *,-20%,23:00 | 06/11,Laptop,Acer,Aspire,https://www.thegioididong.com/laptop/acer-aspire-a315-58-35ag-i3-nxaddsv00b
Laptop Lenovo LOQ Gaming 15IRH8 i5 13420H/16GB/512GB/6GB RTX4050/144Hz/Win11 (82XV00Q4VN),28.990.000₫,27.990.000₫ *,empty,23:00 | 06/11,Laptop,Lenovo,LOQ,https://www.thegioididong.com/laptop/lenovo-loq-gaming-15irh8-i5-82xv00q4vn
Laptop HP Envy X360 13 bf0090TU i7 1250U/16GB/512GB/Touch/Pen/Win11 (76B13PA),32.990.000₫,25.890.000₫ *,-21%,23:00 | 06/11,Laptop,HP,Envy,https://www.thegioididong.com/laptop/hp-envy-x360-13-bf0090tu-i7-76b13pa
Laptop Asus Vivobook S 14 Flip TP3402VA i5 13500H/16GB/512GB/Touch/Win11 (LZ031W),21.990.000₫,19.790.000₫ *,-10%,23:00 | 06/11,Laptop,Asus,Vivobook,https://www.thegioididong.com/laptop/asus-vivobook-s-14-flip-tp3402va-i5-lz031w
Laptop Asus TUF Gaming F15 FX507ZC4 i5 12500H/8GB/512GB/4GB RTX3050/144Hz/Win11 (HN074W),23.990.000₫,19.490.000₫ *,-18%,23:00 | 06/11,Laptop,Asus,TUF,https://www.thegioididong.com/laptop/asus-tuf-gaming-f15-fx507zc4-i5-hn074w
Laptop Dell Inspiron 15 3520 i5 1235U/8GB/512GB/2GB MX550/120Hz/OfficeHS/Win11 (70296960),19.790.000₫,18.990.000₫,empty,23:00 | 06/11,Laptop,Dell,Inspiron,https://www.thegioididong.com/laptop/dell-inspiron-15-3520-i5-70296960
Laptop Acer Aspire 7 Gaming A715 76G 59MW i5 12450H/8GB/512GB/4GB RTX2050/144Hz/Win11 (NH.QMYSV.001),21.490.000₫,18.990.000₫ *,-11%,hơn dự kiến,Laptop,Acer,Aspire,https://www.thegioididong.com/laptop/acer-aspire-7-gaming-a715-76g-59mw-i5-nhqmysv001
Laptop Lenovo Ideapad 3 15IAU7 i7 1255U/16GB/1TB/Win11 (82RK00X0VN),18.990.000₫,17.990.000₫ *,-5%,23:00 | 06/11,Laptop,Lenovo,Ideapad,https://www.thegioididong.com/laptop/lenovo-ideapad-3-15iau7-i7-82rk00x0vn
Laptop Acer Aspire 3 A314 36M 391A i3 N305/8GB/512GB/Win11 (NX.KDMSV.002),11.790.000₫,9.990.000₫ *,-15%,23:00 | 06/11,Laptop,Acer,Aspire,https://www.thegioididong.com/laptop/acer-aspire-3-a314-36m-391a-i3-nxkdmsv002
Laptop Apple MacBook Air 15 inch M2 2023 8-core CPU/8GB/256GB/10-core GPU (MQKW3SA/A),32.290.000₫,31.490.000₫,empty,23:00 | 06/11,Laptop,MacBook,Air,https://www.thegioididong.com/laptop/apple-macbook-air-m2-2023
Laptop Lenovo LOQ Gaming 15IRH8 i7 13620H/16GB/512GB/6GB RTX4050/144Hz/Win11 (82XV00QXVN),31.990.000₫,30.990.000₫ *,empty,hơn dự kiến,Laptop,Lenovo,LOQ,https://www.thegioididong.com/laptop/lenovo-loq-gaming-15irh8-i7-82xv00qxvn
Laptop Dell Inspiron 15 3530 i7 1355U/8GB/512GB/120Hz/OfficeHS/Win11 (71011775),21.990.000₫,20.990.000₫,empty,23:00 | 06/11,Laptop,Dell,Inspiron,https://www.thegioididong.com/laptop/dell-inspiron-15-3530-i7-71011775
Laptop HP Gaming VICTUS 16 e1105AX R5 6600H/16GB/512GB/4GB RTX3050Ti/144Hz/Win11 (7C0T0PA),27.990.000₫,19.490.000₫ *,-30%,23:00 | 06/11,Laptop,HP,Gaming,https://www.thegioididong.com/laptop/hp-victus-16-e1105ax-r5-7c0t0pa
Laptop Lenovo Ideapad 3 15IAU7 i5 1235U/8GB/512GB/Win11 (82RK001PVN),17.990.000₫,12.990.000₫ *,-27%,23:00 | 06/11,Laptop,Lenovo,Ideapad,https://www.thegioididong.com/laptop/lenovo-ideapad-3-15iau7-i5-82rk001pvn
Laptop Acer Aspire 5 A515 58P 34RJ i3 1315U/8GB/512GB/Win11 (NX.KHJSV.003),13.090.000₫,11.490.000₫ *,-12%,23:00 | 06/11,Laptop,Acer,Aspire,https://www.thegioididong.com/laptop/acer-aspire-5-a515-58p-34rj-i3-nxkhjsv003
Laptop Lenovo Yoga 7 14IRL8 i7 1360P/16GB/512GB/Touch/Pen/OfficeHS/Win11 (82YL006BVN),28.990.000₫,27.990.000₫ *,empty,23:00 | 06/11,Laptop,Lenovo,Yoga,https://www.thegioididong.com/laptop/lenovo-yoga-7-14irl8-i7-82yl006bvn
Laptop Dell Inspiron 14 T7430 i5 1335U/8GB/512GB/Touch/Pen/OfficeHS/Win11 (N7430I58W1),24.190.000₫,23.290.000₫,empty,hơn dự kiến,Laptop,Dell,Inspiron,https://www.thegioididong.com/laptop/dell-inspiron-14-7430-i5-n7430i58w1
Laptop Dell Inspiron 15 3530 i5 1335U/8GB/512GB/2GB MX550/120Hz/OfficeHS/Win11 (71014840),20.990.000₫,20.490.000₫,empty,23:00 | 06/11,Laptop,Dell,Inspiron,https://www.thegioididong.com/laptop/dell-inspiron-15-3530-i5-71014840
name,old_price,present_price,discount,due_discount,type_of_device,trademark,series,link
Laptop HP Envy 16 h0205TX i9 12900H/32GB/512GB/6GB RTX3060/Touch/Win11 (7C0T2PA),65.390.000₫,54.490.000₫ *,-16%,23:00 | 30/11,Laptop,HP,Envy,https://www.thegioididong.com/laptop/hp-envy-16-h0205tx-i9-7c0t2pa
Laptop Asus Gaming ROG Strix G16 G614JI i7 13650HX/16GB/1TB/8GB RTX4070/240Hz/Balo/Win11 (N4084W),60.990.000₫,53.990.000₫ *,-11%,23:00 | 30/11,Laptop,Asus,Gaming,https://www.thegioididong.com/laptop/asus-gaming-rog-strix-g16-g614ji-i7-n4084w
Laptop HP Omen 16 n0085AX R9 6900HX/32GB/1TB SSD/8GB RTX3070Ti/165Hz/Win11 (7C144PA),62.890.000₫,52.190.000₫ *,-17%,23:00 | 30/11,Laptop,HP,Omen,https://www.thegioididong.com/laptop/hp-omen-16-n0085ax-r9-7c144pa
Laptop Dell XPS 13 Plus 9320 i5 1340P/16GB/512GB/Touch/Cáp/OfficeHS/Win11 (71013325),54.990.000₫,51.490.000₫,-6%,23:00 | 30/11,Laptop,Dell,XPS,https://www.thegioididong.com/laptop/dell-xps-13-plus-9320-i5-71013325
Laptop Asus Gaming ROG Strix G16 G614JV i9 13980HX/16GB/1TB/8GB RTX4060/240Hz/Balo/Win11 (N4261W),52.990.000₫,47.990.000₫ *,-9%,23:00 | 30/11,Laptop,Asus,Gaming,https://www.thegioididong.com/laptop/asus-rog-strix-g16-g614jv-i9-n4261w
Laptop Asus Gaming ROG Strix SCAR 15 G533ZW i9 12900H/32GB/1TB/8GB RTX3070Ti/240Hz/Balo/Chuột/Win11 (LN134W),69.990.000₫,50.990.000₫ *,-27%,hơn dự kiến,Laptop,Asus,Gaming,https://www.thegioididong.com/laptop/asus-gaming-rog-strix-scar-15-g533zw-i9-ln134w
Laptop Asus ExpertBook B9 OLED B9403CVA i7 1355U/16GB/1TB/Cáp/Túi/Win11 Pro (KM0157X),49.990.000₫,46.490.000₫ *,-7%,23:00 | 30/11,Laptop,Asus,ExpertBook,https://www.thegioididong.com/laptop/asus-expertbook-b9-oled-b9403cva-i7-km0157x
Laptop Lenovo Gaming Legion 5 16IRH8 i7 13700H/16GB/1TB/8GB RTX4060/165Hz/Win11 (82YA00DTVN),44.990.000₫,43.990.000₫ *,empty,23:00 | 30/11,Laptop,Lenovo,Gaming,https://www.thegioididong.com/laptop/lenovo-gaming-legion-5-16irh8-i7-82ya00dtvn
Laptop Lenovo Thinkpad P16s Gen 1 i7 1260P/16GB/512GB/4GB QuadroT550/Win11 Pro (21BT0064VN),44.490.000₫,43.490.000₫ *,empty,23:00 | 30/11,Laptop,Lenovo,Thinkpad,https://www.thegioididong.com/laptop/lenovo-thinkpad-p16s-gen-1-i7-21bt0064vn
Laptop Asus Vivobook Pro 16 OLED K6602VV i9 13900H/16GB/1TB/8GB RTX4060/Win11 (MX077W),46.990.000₫,42.990.000₫ *,-8%,23:00 | 30/11,Laptop,Asus,Vivobook,https://www.thegioididong.com/laptop/asus-vivobook-pro-16-oled-k6602vv-i9-mx077w
Laptop HP Elitebook Dragonfly G3 i7 1255U/16GB/1TB SSD/Touch/Win11 Pro (6Z980PA),52.590.000₫,41.990.000₫ *,-20%,23:00 | 30/11,Laptop,HP,Elitebook,https://www.thegioididong.com/laptop/hp-elitebook-dragonfly-g3-i7-6z980pa
Laptop HP Omen 16 n0087AX R7 6800H/16GB/1TB SSD/6GB RTX3060/165Hz/Win11 (7C0T7PA),50.890.000₫,41.290.000₫ *,-18%,23:00 | 30/11,Laptop,HP,Omen,https://www.thegioididong.com/laptop/hp-omen-16-n0087ax-r7-7c0t7pa
Laptop Asus Zenbook S 13 OLED UX5304VA i7 1355U/32GB/1TB/Túi/Win11 (NQ126W),44.990.000₫,40.990.000₫ *,-8%,23:00 | 30/11,Laptop,Asus,Zenbook,https://www.thegioididong.com/laptop/asus-zenbook-s-13-oled-ux5304va-i7-nq126w
Laptop Dell Gaming G15 5530 i7 13650HX/16GB/512GB/8GB RTX4060/165Hz/OfficeHS/Win11 (i7H165W11GR4060),40.990.000₫,39.990.000₫,empty,23:00 | 30/11,Laptop,Dell,Gaming,https://www.thegioididong.com/laptop/dell-gaming-g15-5530-i7-i7h165w11gr4060
Laptop Asus TUF Gaming A15 FA507XI R9 7940HS/8GB/512GB/8GB RTX4070/144Hz/Win11 (LP420W),45.490.000₫,39.990.000₫ *,-12%,23:00 | 30/11,Laptop,Asus,TUF,https://www.thegioididong.com/laptop/asus-tuf-gaming-a15-fa507xi-r9-lp420w
Laptop HP Elitebook X360 1040 G9 i7 1255U/16GB/512GB/Touch/Pen/Win11 Pro (6Z982PA),49.990.000₫,39.490.000₫ *,-21%,23:00 | 30/11,Laptop,HP,Elitebook,https://www.thegioididong.com/laptop/hp-elitebook-x360-1040-g9-i7-6z982pa
Laptop Asus Gaming ROG Zephyrus G16 GU603VU i7 13620H/16GB/512GB/6GB RTX4050/165Hz/Win11 (N3898W),44.990.000₫,39.990.000₫ *,-11%,23:00 | 30/11,Laptop,Asus,Gaming,https://www.thegioididong.com/laptop/asus-gaming-rog-zephyrus-g16-gu603vu-i7-n3898w
Laptop Asus Gaming ROG Zephyrus G14 GA402NJ R7 7735HS/16GB/512GB/6GB RTX3050/144Hz/Túi/Win11 (L4056W),42.990.000₫,38.990.000₫ *,-9%,23:00 | 30/11,Laptop,Asus,Gaming,https://www.thegioididong.com/laptop/asus-gaming-rog-zephyrus-g14-ga402nj-r7-l4056w
Laptop Asus Vivobook Pro 15 OLED K6502VU i9 13900H/16GB/512GB/6GB RTX4050/Win11 (MA090W),40.990.000₫,36.990.000₫ *,-9%,23:00 | 30/11,Laptop,Asus,Vivobook,https://www.thegioididong.com/laptop/asus-vivobook-pro-15-oled-k6502vu-i9-ma090w
Laptop Lenovo Gaming Legion 5 16IRH8 i5 13500H/16GB/512GB/6GB RTX4050/165Hz/Win11 (82YA00BSVN),36.990.000₫,35.990.000₫ *,empty,23:00 | 30/11,Laptop,Lenovo,Gaming,https://www.thegioididong.com/laptop/lenovo-legion-5-16irh8-i5-82ya00bsvn
Laptop Lenovo Yoga Duet 7 13ITL6 i7 1165G7/16GB/1TB/Touch/Pen/Win11 (82MA009PVN),36.490.000₫,35.490.000₫ *,empty,23:00 | 30/11,Laptop,Lenovo,Yoga,https://www.thegioididong.com/laptop/lenovo-yoga-duet-7-13itl6-i7-82ma009pvn
Laptop Asus Zenbook S 13 OLED UX5304VA i7 1355U/16GB/512GB/Túi/Win11 (NQ125W),39.990.000₫,35.990.000₫ *,-10%,23:00 | 30/11,Laptop,Asus,Zenbook,https://www.thegioididong.com/laptop/asus-zenbook-s-13-oled-ux5304va-i7-nq125w
Laptop Apple MacBook Pro 13 inch M2 2022 8-core CPU/8GB/512GB/10-core GPU (MNEJ3SA/A),35.390.000₫,34.190.000₫,empty,23:00 | 30/11,Laptop,MacBook,Pro,https://www.thegioididong.com/laptop/apple-macbook-pro-m2-2022
Laptop Asus Gaming ROG Strix G16 G614JU i5 13450HX/8GB/512GB/6GB RTX4050/165Hz/Win11 (N3135W),37.990.000₫,33.990.000₫ *,-10%,23:00 | 30/11,Laptop,Asus,Gaming,https://www.thegioididong.com/laptop/asus-gaming-rog-strix-g16-g614ju-i5-n3135w
Laptop Asus Gaming TUF Dash F15 FX517ZR i7 12650H/8GB/512GB/8GB RTX3070/144Hz/Win11 (HN086W),35.990.000₫,31.490.000₫ *,-12%,23:00 | 30/11,Laptop,Asus,Gaming,https://www.thegioididong.com/laptop/asus-tuf-gaming-fx517z-i7-hn086w
Laptop Dell Inspiron 14 5430 i7 1360P/16GB/1TB/4GB RTX2050/120Hz/OfficeHS/Win11 (71015633),32.490.000₫,30.990.000₫,empty,23:00 | 30/11,Laptop,Dell,Inspiron,https://www.thegioididong.com/laptop/dell-inspiron-14-5430-i7-71015633
Laptop Lenovo Yoga 7 14IAL7 i5 1240P/16GB/512GB/Touch/Pen/Win11 (82QE000RVN),30.990.000₫,29.990.000₫ *,empty,23:00 | 30/11,Laptop,Lenovo,Yoga,https://www.thegioididong.com/laptop/lenovo-yoga-7-14ial7-i5-82qe000rvn
Laptop Asus TUF Gaming A15 FA507NV R7 7735HS/16GB/512GB/8GB RTX4060/144Hz/Win11 (LP031W),34.990.000₫,29.490.000₫ *,-15%,23:00 | 30/11,Laptop,Asus,TUF,https://www.thegioididong.com/laptop/asus-tuf-gaming-a15-fa507nv-r7-lp031w
Laptop Asus TUF Gaming F15 FX507ZM i7 12700H/16GB/512GB/6GB RTX3060/144Hz/Win11 (HN123W),32.990.000₫,28.690.000₫ *,-13%,23:00 | 30/11,Laptop,Asus,TUF,https://www.thegioididong.com/laptop/asus-tuf-gaming-fx507z-i7-hn123w
Laptop Dell Inspiron 14 7430 2-in-1 i7 1355U/16GB/512GB/Touch/Pen/OfficeHS/Win11 (i7U165W11SLU),29.490.000₫,28.490.000₫,empty,23:00 | 30/11,Laptop,Dell,Inspiron,https://www.thegioididong.com/laptop/dell-inspiron-14-7430-2-in-1-i7-i7u165w11slu
Laptop Asus Zenbook 14 OLED UX3402VA i7 1360P/16GB/512GB/Cáp/Túi/Win11 (KM068W),31.990.000₫,28.490.000₫ *,-10%,23:00 | 30/11,Laptop,Asus,Zenbook,https://www.thegioididong.com/laptop/asus-zenbook-14-oled-ux3402va-i7-km068w
Laptop Dell Inspiron 14 5430 i5 1340P/16GB/512GB/4GB RTX2050/120Hz/OfficeHS/Win11 (N5430-i5P165W11SL2050),29.790.000₫,28.490.000₫,empty,23:00 | 30/11,Laptop,Dell,Inspiron,https://www.thegioididong.com/laptop/dell-inspiron-14-5430-i5-i5p165w11sl2050
Laptop HP Gaming VICTUS 16 s0077AX R7 7840HS/16GB/512GB/144Hz/6GB RTX3050/Win11 (8C5N6PA),31.690.000₫,28.390.000₫ *,-10%,23:00 | 30/11,Laptop,HP,Gaming,https://www.thegioididong.com/laptop/hp-gaming-victus-16-s0077ax-r7-8c5n6pa
Laptop Acer Nitro 5 Tiger AN515 58 773Y i7 12700H/8GB/512GB/4GB RTX3050Ti/144Hz/Win11 (NH.QFKSV.001),31.990.000₫,27.490.000₫ *,-14%,23:00 | 30/11,Laptop,Acer,Nitro,https://www.thegioididong.com/laptop/acer-nitro-5-tiger-an515-58-773y-i7-nhqfksv001
Laptop Lenovo Yoga Duet 7 13ITL6 i5 1135G7/8GB/512GB/Touch/Pen/Win11 (82MA009NVN),28.490.000₫,27.490.000₫ *,empty,23:00 | 30/11,Laptop,Lenovo,Yoga,https://www.thegioididong.com/laptop/lenovo-yoga-duet-7-13itl6-i5-82ma009nvn
Laptop Lenovo ThinkPad E16 Gen 1 i7 1360P/16GB/512GB/Win11 (21JN006UVN),27.890.000₫,26.890.000₫ *,empty,23:00 | 30/11,Laptop,Lenovo,ThinkPad,https://www.thegioididong.com/laptop/lenovo-thinkpad-e16-gen-1-i7-21jn006uvn
Laptop Lenovo ThinkPad E15 Gen 4 i7 1260P/16GB/512GB/Win11 (21E600CPVN),28.690.000₫,26.690.000₫,-6%,23:00 | 30/11,Laptop,Lenovo,ThinkPad,https://www.thegioididong.com/laptop/lenovo-thinkpad-e15-gen-4-i7-21e600cpvn
Laptop HP Pavilion X360 14 ek1047TU i7 1355U/16GB/512GB/Touch/Pen/Win11 (80R25PA),27.590.000₫,26.190.000₫ *,-5%,23:00 | 30/11,Laptop,HP,Pavilion,https://www.thegioididong.com/laptop/hp-pavilion-x360-14-ek1047tu-i7-80r25pa
Laptop Lenovo ThinkPad E14 Gen 5 i7 1355U/16GB/512GB/Win11 (21JK007XVN),27.190.000₫,26.190.000₫ *,empty,23:00 | 30/11,Laptop,Lenovo,ThinkPad,https://www.thegioididong.com/laptop/lenovo-thinkpad-e14-gen-5-i7-21jk007xvn
Laptop Asus Zenbook 14 Flip OLED UP3404VA i5 1340P/16GB/512GB/Touch/Pen/Cáp/Túi/Win11 (KN038W),29.990.000₫,26.490.000₫ *,-11%,23:00 | 30/11,Laptop,Asus,Zenbook,https://www.thegioididong.com/laptop/asus-zenbook-14-flip-oled-up3404va-i5-kn038w
"Laptop Lenovo ThinkBook 15 G5 IRL i7 1355U/16GB/512GB/15.6""F/Win11 (21JD002AVN)",25.990.000₫,24.990.000₫ *,empty,23:00 | 30/11,Laptop,Lenovo,ThinkBook,https://www.thegioididong.com/laptop/lenovo-thinkbook-15-g5-irl-i7-121jd002avn
Laptop Lenovo Yoga 7 14IRL8 i5 1340P/16GB/512GB/Touch/Pen/OfficeHS/Win11 (82YL006AVN),25.990.000₫,24.990.000₫ *,empty,23:00 | 30/11,Laptop,Lenovo,Yoga,https://www.thegioididong.com/laptop/lenovo-yoga-7-14irl8-i5-82yl006avn
Laptop HP Probook 450 G10 i7 1355U/16GB/512GB/Win11 (873D3PA),26.990.000₫,24.990.000₫ *,-7%,23:00 | 30/11,Laptop,HP,Probook,https://www.thegioididong.com/laptop/hp-probook-450-g10-i7-873d3pa
Laptop HP Pavilion 15 eg3035TX i7 1355U/16GB/512GB/2GB MX550/Win11 (8U6L7PA),26.590.000₫,24.990.000₫ *,-6%,23:00 | 30/11,Laptop,HP,Pavilion,https://www.thegioididong.com/laptop/hp-pavilion-15-eg3035tx-i7-8u6l7pa
Laptop Asus Zenbook 14 OLED UX3402VA i5 1340P/16GB/512GB/Cáp/Túi/Win11 (KM085W),27.990.000₫,24.490.000₫ *,-12%,23:00 | 30/11,Laptop,Asus,Zenbook,https://www.thegioididong.com/laptop/asus-zenbook-14-oled-ux3402va-i5-km085w
Laptop Dell Vostro 5630 i5 1335U/16GB/512GB/OfficeHS/Win11 (V5630-i5U165W11GRU),25.690.000₫,24.490.000₫,empty,23:00 | 30/11,Laptop,Dell,Vostro,https://www.thegioididong.com/laptop/dell-vostro-5630-i5-i5u165w11gru
Laptop Asus Vivobook 14X OLED S3405VA i9 13900H/16GB/512GB/Win11 (KM071W),26.990.000₫,23.990.000₫ *,-11%,23:00 | 30/11,Laptop,Asus,Vivobook,https://www.thegioididong.com/laptop/asus-vivobook-14x-oled-s3405va-i9-km071w
Laptop HP Pavilion X360 14 ek0132TU i7 1255U/16GB/512GB/Touch/Pen/Win11 (7C0W4PA),26.990.000₫,23.690.000₫ *,-12%,23:00 | 30/11,Laptop,HP,Pavilion,https://www.thegioididong.com/laptop/hp-pavilion-x360-14-ek0132tu-i7-7c0w4pa
Laptop HP Pavilion 15 eg3091TU i7 1355U/16GB/512GB/Win11 (8C5L2PA),25.290.000₫,23.690.000₫ *,-6%,23:00 | 30/11,Laptop,HP,Pavilion,https://www.thegioididong.com/laptop/hp-pavilion-15-eg3091tu-i7-8c5l2pa
Laptop HP Gaming VICTUS 16 e1102AX R7 6800H/16GB/512GB/4GB RTX3050Ti/144Hz/Win11 (7C139PA),30.990.000₫,23.390.000₫ *,-24%,23:00 | 30/11,Laptop,HP,Gaming,https://www.thegioididong.com/laptop/hp-victus-16-e1102ax-r7-7c139pa
Laptop Dell Vostro 5630 i5 1340P/8GB/512GB/OfficeHS/Win11 (i5P085W11GRU),23.190.000₫,22.190.000₫,empty,23:00 | 30/11,Laptop,Dell,Vostro,https://www.thegioididong.com/laptop/dell-vostro-5630-i5-i5p085w11gru
Laptop Lenovo ThinkBook 15 G5 IRL i5 1355U/16GB/512GB/Win11 (21JD002FVN),22.590.000₫,22.090.000₫ *,empty,23:00 | 30/11,Laptop,Lenovo,ThinkBook,https://www.thegioididong.com/laptop/lenovo-thinkbook-15-g5-irl-i5-21jd002fvn
Laptop Lenovo Ideapad 5 Pro 14IAP7 i7 1260P/16GB/512GB/Win11(82SH002SVN),27.990.000₫,21.990.000₫ *,-21%,23:00 | 30/11,Laptop,Lenovo,Ideapad,https://www.thegioididong.com/laptop/lenovo-ideapad-5-pro-14iap7-i7-82sh002svn
Laptop HP Pavilion 15 eg2088TU i7 1260P/16GB/512GB/Win11 (7C0R0PA),25.290.000₫,21.990.000₫ *,-13%,23:00 | 30/11,Laptop,HP,Pavilion,https://www.thegioididong.com/laptop/hp-pavilion-15-eg2088tu-i7-7c0r0pa
Laptop Dell Inspiron 16 5630 i5 1335U/8GB/512GB/OfficeHS/Win11 (71020244),22.990.000₫,21.990.000₫,empty,23:00 | 30/11,Laptop,Dell,Inspiron,https://www.thegioididong.com/laptop/dell-inspiron-16-5630-i5-71020244
Laptop HP Probook 450 G10 i5 1335U/16GB/512GB/Win11 (873D1PA),22.590.000₫,21.190.000₫ *,-6%,23:00 | 30/11,Laptop,HP,Probook,https://www.thegioididong.com/laptop/hp-probook-450-g10-i5-873d1pa
Laptop HP Pavilion 15 eg2034TX i7 1255U/8GB/512GB/2GB MX550/Win11 (6K780PA),24.590.000₫,20.990.000₫ *,-14%,23:00 | 30/11,Laptop,HP,Pavilion,https://www.thegioididong.com/laptop/hp-pavilion-15-eg2034tx-i7-6k780pa
Laptop HP Gaming VICTUS 15 fa0111TX i5 12500H/16GB/512GB/4GB RTX3050Ti/144Hz/Win11 (7C0R4PA),28.290.000₫,20.990.000₫ *,-25%,23:00 | 30/11,Laptop,HP,Gaming,https://www.thegioididong.com/laptop/hp-victus-15-fa0111tx-i5-7c0r4pa
Laptop HP Pavilion 14 dv2071TU i7 1255U/16GB/512GB/Win11 (7C0W0PA),25.190.000₫,20.990.000₫ *,-16%,23:00 | 30/11,Laptop,HP,Pavilion,https://www.thegioididong.com/laptop/hp-pavilion-14-dv2071tu-i7-7c0w0pa
Laptop HP Pavilion 15 eg3033TX i5 1335U/16GB/512GB/2GB MX550/Win11 (8U6L6PA),22.290.000₫,20.890.000₫ *,-6%,23:00 | 30/11,Laptop,HP,Pavilion,https://www.thegioididong.com/laptop/hp-pavilion-15-eg3033tx-i5-8u6l6pa
Laptop HP 240 G10 i7 1355U/16GB/512GB/Win11 (8F140PA),21.990.000₫,20.490.000₫ *,-6%,23:00 | 30/11,Laptop,HP,240,https://www.thegioididong.com/laptop/hp-240-g10-i7-8f140pa
Laptop HP Pavilion 15 eg3093TU i5 1335U/16GB/512GB/Win11 (8C5L4PA),21.290.000₫,19.890.000₫ *,-6%,23:00 | 30/11,Laptop,HP,Pavilion,https://www.thegioididong.com/laptop/hp-pavilion-15-eg3093tu-i5-8c5l4pa
Laptop Asus Vivobook 14X OLED S3405VA i5 13500H/16GB/512GB/Win11 (KM072W),22.990.000₫,19.990.000₫ *,-13%,23:00 | 30/11,Laptop,Asus,Vivobook,https://www.thegioididong.com/laptop/asus-vivobook-14x-oled-s3405va-i5-km072w
Laptop Lenovo ThinkBook 14 G4 IAP i5 1240P/8GB/512GB/Win11 (21DH00B5VN),23.690.000₫,19.190.000₫ *,-18%,23:00 | 30/11,Laptop,Lenovo,ThinkBook,https://www.thegioididong.com/laptop/lenovo-thinkbook-14-g4-iap-i5-21dh00b5vn
Laptop HP Elitebook 630 G9 i5 1235U/8GB/512GB/Win11 (6M143PA),22.190.000₫,18.890.000₫ *,-14%,23:00 | 30/11,Laptop,HP,Elitebook,https://www.thegioididong.com/laptop/hp-elitebook-630-g9-i5-6m143pa
Laptop HP Pavilion 15 eg3094TU i5 1335U/8GB/512GB/Win11 (8C5L5PA),19.990.000₫,18.690.000₫ *,-6%,23:00 | 30/11,Laptop,HP,Pavilion,https://www.thegioididong.com/laptop/hp-pavilion-15-eg3094tu-i5-8c5l5pa
Laptop HP Pavilion 15 eg3095TU i5 1335U/8GB/512GB/Win11 (8C5L6PA),19.990.000₫,18.690.000₫ *,-6%,23:00 | 30/11,Laptop,HP,Pavilion,https://www.thegioididong.com/laptop/hp-pavilion-15-eg3095tu-i5-8c5l6pa
Laptop HP Pavilion 15 eg2062TX i5 1235U/8GB/512GB/2GB MX550/Win11 (7C0W7PA),20.590.000₫,17.990.000₫ *,-12%,23:00 | 30/11,Laptop,HP,Pavilion,https://www.thegioididong.com/laptop/hp-pavilion-15-eg2062tx-i5-7c0w7pa
Laptop HP Probook 450 G9 i5 1235U/8GB/512GB/Win11 (6M0Y9PA),21.290.000₫,17.890.000₫ *,-15%,23:00 | 30/11,Laptop,HP,Probook,https://www.thegioididong.com/laptop/hp-probook-450-g9-i5-6m0y9pa
Laptop Acer Swift 3 SF314 511 55QE i5 1135G7/16GB/512GB/Win11 (NX.ABNSV.003),22.990.000₫,17.690.000₫ *,-23%,23:00 | 30/11,Laptop,Acer,Swift,https://www.thegioididong.com/laptop/acer-swift-3-sf314-511-55qe-i5-nxabnsv003
Laptop HP Pavilion 15 eg2035TX i5 1235U/8GB/512GB/2GB MX550/Win11 (6K781PA),20.590.000₫,17.490.000₫ *,-15%,23:00 | 30/11,Laptop,HP,Pavilion,https://www.thegioididong.com/laptop/hp-pavilion-15-eg2035tx-i5-6k781pa
Laptop HP Pavilion 15 eg2036TX i5 1235U/8GB/512GB/2GB MX550/Win11 (6K782PA),20.590.000₫,17.490.000₫ *,-15%,23:00 | 30/11,Laptop,HP,Pavilion,https://www.thegioididong.com/laptop/hp-pavilion-15-eg2036tx-i5-6k782pa
Laptop HP 15s fq5077TU i7 1255U/8GB/512GB/Win11 (6K797PA),20.290.000₫,16.790.000₫ *,-17%,23:00 | 30/11,Laptop,HP,15s,https://www.thegioididong.com/laptop/hp-15s-fq5077tu-i7-6k797pa
Laptop Acer Aspire 3 A315 58 787C i7 1165G7/8GB/512GB/Win11 (NX.ADDSV.00J),19.990.000₫,16.490.000₫ *,-17%,23:00 | 30/11,Laptop,Acer,Aspire,https://www.thegioididong.com/laptop/acer-aspire-3-a315-58-787c-i7-nxaddsv00j
Laptop HP Pavilion 15 eg2085TU i5 1240P/8GB/256GB/Win11 (7C0Q7PA),18.790.000₫,15.990.000₫ *,-14%,23:00 | 30/11,Laptop,HP,Pavilion,https://www.thegioididong.com/laptop/hp-pavilion-15-eg2085tu-i5-7c0q7pa
Laptop Lenovo V15 G4 IRU i5 1335U/16GB/512GB/Win11 (83A1000LVN),17.990.000₫,15.990.000₫,-11%,23:00 | 30/11,Laptop,Lenovo,V15,https://www.thegioididong.com/laptop/lenovo-v15-g4-iru-i5-83a1000lvn
Laptop HP ProBook 445 G10 R5 7530U/8GB/256GB/Win11 (878T1PA),16.190.000₫,14.890.000₫ *,-8%,23:00 | 30/11,Laptop,HP,ProBook,https://www.thegioididong.com/laptop/hp-probook-445-g10-r5-878t1pa
Laptop HP Pavilion X360 14 ek0131TU i3 1215U/8GB/256GB/Touch/Win11 (7C0P6PA),16.590.000₫,14.490.000₫ *,-12%,23:00 | 30/11,Laptop,HP,Pavilion,https://www.thegioididong.com/laptop/hp-pavilion-x360-14-ek0131tu-i3-7c0p6pa
Laptop HP Pavilion X360 14 ek0130TU i3 1215U/8GB/256GB/Touch/Win11 (7C0P5PA),16.590.000₫,14.490.000₫ *,-12%,23:00 | 30/11,Laptop,HP,Pavilion,https://www.thegioididong.com/laptop/hp-pavilion-x360-14-ek0130tu-i3-7c0p5pa
Laptop HP Pavilion 15 eg3098TU i3 1315U/8GB/256GB/Win11 (8C5L9PA),15.290.000₫,14.390.000₫ *,-5%,23:00 | 30/11,Laptop,HP,Pavilion,https://www.thegioididong.com/laptop/hp-pavilion-15-eg3098tu-i3-8c5l9pa
Laptop Acer Aspire 5 A514 54 511G i5 1135G7/8GB/1TB SSD/Win11 (NX.A28SV.009),14.990.000₫,14.190.000₫,-5%,23:00 | 30/11,Laptop,Acer,Aspire,https://www.thegioididong.com/laptop/acer-aspire-a514-54-511g-i5-nxa28sv009
Laptop Lenovo Ideapad 3 15ITL6 i5 1155G7/8GB/512GB/Win11 (82H803CVVN),14.490.000₫,13.990.000₫ *,empty,23:00 | 30/11,Laptop,Lenovo,Ideapad,https://www.thegioididong.com/laptop/lenovo-ideapad-3-15itl6-i5-82h803cvvn
Laptop HP Pavilion 15 eg2062TU i3 1215U/8GB/256GB/Win11 (6K790PA),14.990.000₫,12.190.000₫ *,-18%,23:00 | 30/11,Laptop,HP,Pavilion,https://www.thegioididong.com/laptop/hp-pavilion-15-eg2062tu-i3-6k790pa
Laptop Asus Vivobook 14 A1405VA i3 1315U/8GB/512GB/Win11 (LY097W),14.990.000₫,12.490.000₫ *,-16%,23:00 | 30/11,Laptop,Asus,Vivobook,https://www.thegioididong.com/laptop/asus-vivobook-14-a1405va-i3-ly097w
Laptop Lenovo V14 G4 IRU i3 1315U/8GB/512GB/Win11 (83A0000TVN),13.690.000₫,11.990.000₫ *,-12%,23:00 | 30/11,Laptop,Lenovo,V14,https://www.thegioididong.com/laptop/lenovo-v14-g4-iru-i3-win11-83a0000tvn
Laptop Lenovo Ideapad 3 14ABA7 R5 5625U/8GB/256GB/Win11 (82RM003WVN),14.890.000₫,11.890.000₫ *,-20%,23:00 | 30/11,Laptop,Lenovo,Ideapad,https://www.thegioididong.com/laptop/lenovo-ideapad-3-14aba7-r5-82rm003wvn
Laptop Lenovo V15 G3 ABA R5 5625U/8GB/512GB/Win11 (82TV008HVN),13.990.000₫,10.490.000₫ *,-25%,23:00 | 30/11,Laptop,Lenovo,V15,https://www.thegioididong.com/laptop/lenovo-v15-g3-aba-r5-82tv008hvn
